{"A": [-0.45183867922, 0.006774137306589713], "B": [-0.45183867922, 0.006774137306589713]}